{"class_name": "Model", "keras_version": "2.0.4", "config": {"layers": [{"class_name": "InputLayer", "config": {"dtype": "float32", "batch_input_shape": [null, 60, 160, 3], "name": "input_1", "sparse": false}, "inbound_nodes": [], "name": "input_1"}, {"class_name": "Conv2D", "config": {"kernel_constraint": null, "kernel_initializer": {"class_name": "VarianceScaling", "config": {"distribution": "uniform", "scale": 1.0, "seed": null, "mode": "fan_avg"}}, "name": "conv2d_1", "bias_regularizer": null, "bias_constraint": null, "activation": "relu", "trainable": true, "data_format": "channels_last", "padding": "valid", "strides": [1, 1], "dilation_rate": [1, 1], "kernel_regularizer": null, "filters": 64, "bias_initializer": {"class_name": "Zeros", "config": {}}, "use_bias": true, "activity_regularizer": null, "kernel_size": [3, 3]}, "inbound_nodes": [[["input_1", 0, 0, {}]]], "name": "conv2d_1"}, {"class_name": "Conv2D", "config": {"kernel_constraint": null, "kernel_initializer": {"class_name": "VarianceScaling", "config": {"distribution": "uniform", "scale": 1.0, "seed": null, "mode": "fan_avg"}}, "name": "conv2d_2", "bias_regularizer": null, "bias_constraint": null, "activation": "relu", "trainable": true, "data_format": "channels_last", "padding": "valid", "strides": [1, 1], "dilation_rate": [1, 1], "kernel_regularizer": null, "filters": 64, "bias_initializer": {"class_name": "Zeros", "config": {}}, "use_bias": true, "activity_regularizer": null, "kernel_size": [3, 3]}, "inbound_nodes": [[["conv2d_1", 0, 0, {}]]], "name": "conv2d_2"}, {"class_name": "MaxPooling2D", "config": {"name": "max_pooling2d_1", "trainable": true, "data_format": "channels_last", "pool_size": [2, 2], "padding": "valid", "strides": [2, 2]}, "inbound_nodes": [[["conv2d_2", 0, 0, {}]]], "name": "max_pooling2d_1"}, {"class_name": "Conv2D", "config": {"kernel_constraint": null, "kernel_initializer": {"class_name": "VarianceScaling", "config": {"distribution": "uniform", "scale": 1.0, "seed": null, "mode": "fan_avg"}}, "name": "conv2d_3", "bias_regularizer": null, "bias_constraint": null, "activation": "relu", "trainable": true, "data_format": "channels_last", "padding": "valid", "strides": [1, 1], "dilation_rate": [1, 1], "kernel_regularizer": null, "filters": 128, "bias_initializer": {"class_name": "Zeros", "config": {}}, "use_bias": true, "activity_regularizer": null, "kernel_size": [3, 3]}, "inbound_nodes": [[["max_pooling2d_1", 0, 0, {}]]], "name": "conv2d_3"}, {"class_name": "Conv2D", "config": {"kernel_constraint": null, "kernel_initializer": {"class_name": "VarianceScaling", "config": {"distribution": "uniform", "scale": 1.0, "seed": null, "mode": "fan_avg"}}, "name": "conv2d_4", "bias_regularizer": null, "bias_constraint": null, "activation": "relu", "trainable": true, "data_format": "channels_last", "padding": "valid", "strides": [1, 1], "dilation_rate": [1, 1], "kernel_regularizer": null, "filters": 128, "bias_initializer": {"class_name": "Zeros", "config": {}}, "use_bias": true, "activity_regularizer": null, "kernel_size": [3, 3]}, "inbound_nodes": [[["conv2d_3", 0, 0, {}]]], "name": "conv2d_4"}, {"class_name": "MaxPooling2D", "config": {"name": "max_pooling2d_2", "trainable": true, "data_format": "channels_last", "pool_size": [2, 2], "padding": "valid", "strides": [2, 2]}, "inbound_nodes": [[["conv2d_4", 0, 0, {}]]], "name": "max_pooling2d_2"}, {"class_name": "Conv2D", "config": {"kernel_constraint": null, "kernel_initializer": {"class_name": "VarianceScaling", "config": {"distribution": "uniform", "scale": 1.0, "seed": null, "mode": "fan_avg"}}, "name": "conv2d_5", "bias_regularizer": null, "bias_constraint": null, "activation": "relu", "trainable": true, "data_format": "channels_last", "padding": "valid", "strides": [1, 1], "dilation_rate": [1, 1], "kernel_regularizer": null, "filters": 256, "bias_initializer": {"class_name": "Zeros", "config": {}}, "use_bias": true, "activity_regularizer": null, "kernel_size": [3, 3]}, "inbound_nodes": [[["max_pooling2d_2", 0, 0, {}]]], "name": "conv2d_5"}, {"class_name": "Conv2D", "config": {"kernel_constraint": null, "kernel_initializer": {"class_name": "VarianceScaling", "config": {"distribution": "uniform", "scale": 1.0, "seed": null, "mode": "fan_avg"}}, "name": "conv2d_6", "bias_regularizer": null, "bias_constraint": null, "activation": "relu", "trainable": true, "data_format": "channels_last", "padding": "valid", "strides": [1, 1], "dilation_rate": [1, 1], "kernel_regularizer": null, "filters": 256, "bias_initializer": {"class_name": "Zeros", "config": {}}, "use_bias": true, "activity_regularizer": null, "kernel_size": [3, 3]}, "inbound_nodes": [[["conv2d_5", 0, 0, {}]]], "name": "conv2d_6"}, {"class_name": "MaxPooling2D", "config": {"name": "max_pooling2d_3", "trainable": true, "data_format": "channels_last", "pool_size": [2, 2], "padding": "valid", "strides": [2, 2]}, "inbound_nodes": [[["conv2d_6", 0, 0, {}]]], "name": "max_pooling2d_3"}, {"class_name": "Flatten", "config": {"trainable": true, "name": "flatten_1"}, "inbound_nodes": [[["max_pooling2d_3", 0, 0, {}]]], "name": "flatten_1"}, {"class_name": "Dropout", "config": {"rate": 0.25, "trainable": true, "name": "dropout_1"}, "inbound_nodes": [[["flatten_1", 0, 0, {}]]], "name": "dropout_1"}, {"class_name": "Dense", "config": {"kernel_initializer": {"class_name": "VarianceScaling", "config": {"distribution": "uniform", "scale": 1.0, "seed": null, "mode": "fan_avg"}}, "name": "dense_1", "kernel_constraint": null, "bias_regularizer": null, "bias_constraint": null, "activation": "softmax", "trainable": true, "kernel_regularizer": null, "bias_initializer": {"class_name": "Zeros", "config": {}}, "units": 10, "use_bias": true, "activity_regularizer": null}, "inbound_nodes": [[["dropout_1", 0, 0, {}]]], "name": "dense_1"}, {"class_name": "Dense", "config": {"kernel_initializer": {"class_name": "VarianceScaling", "config": {"distribution": "uniform", "scale": 1.0, "seed": null, "mode": "fan_avg"}}, "name": "dense_2", "kernel_constraint": null, "bias_regularizer": null, "bias_constraint": null, "activation": "softmax", "trainable": true, "kernel_regularizer": null, "bias_initializer": {"class_name": "Zeros", "config": {}}, "units": 10, "use_bias": true, "activity_regularizer": null}, "inbound_nodes": [[["dropout_1", 0, 0, {}]]], "name": "dense_2"}, {"class_name": "Dense", "config": {"kernel_initializer": {"class_name": "VarianceScaling", "config": {"distribution": "uniform", "scale": 1.0, "seed": null, "mode": "fan_avg"}}, "name": "dense_3", "kernel_constraint": null, "bias_regularizer": null, "bias_constraint": null, "activation": "softmax", "trainable": true, "kernel_regularizer": null, "bias_initializer": {"class_name": "Zeros", "config": {}}, "units": 10, "use_bias": true, "activity_regularizer": null}, "inbound_nodes": [[["dropout_1", 0, 0, {}]]], "name": "dense_3"}, {"class_name": "Dense", "config": {"kernel_initializer": {"class_name": "VarianceScaling", "config": {"distribution": "uniform", "scale": 1.0, "seed": null, "mode": "fan_avg"}}, "name": "dense_4", "kernel_constraint": null, "bias_regularizer": null, "bias_constraint": null, "activation": "softmax", "trainable": true, "kernel_regularizer": null, "bias_initializer": {"class_name": "Zeros", "config": {}}, "units": 10, "use_bias": true, "activity_regularizer": null}, "inbound_nodes": [[["dropout_1", 0, 0, {}]]], "name": "dense_4"}], "input_layers": [["input_1", 0, 0]], "output_layers": [["dense_1", 0, 0], ["dense_2", 0, 0], ["dense_3", 0, 0], ["dense_4", 0, 0]], "name": "model_1"}, "backend": "tensorflow"}